{"cameraMode":{"drawMode":0,"name":"Shaded","section":"Shading Mode"},"sceneLighting":true,"audioPlay":false,"sceneViewState":{"showFog":true,"showMaterialUpdate":false,"showSkybox":true,"showFlares":true,"showImageEffects":true,"showParticleSystems":true},"in2DMode":false,"pivot":{"x":6.550738334655762,"y":-0.4776601791381836,"z":-2.3556551933288576},"rotation":{"x":0.005790859926491976,"y":0.9669537544250488,"z":-0.2539304494857788,"w":0.022051265463232995},"size":9.919246673583985,"orthographic":false}